<?xml version="1.0" encoding="utf-8"?>
<?xml-stylesheet type='text/xsl' href='ConversionLogFile.xsl'?>
<LogFile projectName="SE_Motion_LXM32_1200_1500_V2100_V14_V15" typeText="Typ" messageText="Meldung" timeText="Zeit">
  <MessageCell ServiceId="80" MessageId="30" MessageClass="Information" Timestamp="15.02.2018 09:33:30">
    <Number ServiceNumber="80" MessageNumber="30" />
    <Text FeedbackText="Hochrüsten gestartet" />
    <Help HelpId="-1" />
  </MessageCell>
  <MessageCell ServiceId="80" MessageId="30" MessageClass="Information" Timestamp="15.02.2018 09:33:30">
    <Number ServiceNumber="80" MessageNumber="30" />
    <Text FeedbackText="Projekt-/Bibliotheksinformation der Vorgänger-Version wird gelesen." />
    <Help HelpId="-1" />
  </MessageCell>
  <MessageCell ServiceId="80" MessageId="30" MessageClass="Information" Timestamp="15.02.2018 09:33:31">
    <Number ServiceNumber="80" MessageNumber="30" />
    <Text FeedbackText="Daten werden in das neue Projekt/die neue Bibliothek importiert." />
    <Help HelpId="-1" />
  </MessageCell>
  <MessageCell ServiceId="80" MessageId="30" MessageClass="Information" Timestamp="15.02.2018 09:33:37">
    <Number ServiceNumber="80" MessageNumber="30" />
    <Text FeedbackText="Neues Projekt/Neue Bibliothek wird aktualisiert." />
    <Help HelpId="-1" />
  </MessageCell>
  <MessageCell ServiceId="80" MessageId="30" MessageClass="Information" Timestamp="15.02.2018 09:33:41">
    <Number ServiceNumber="80" MessageNumber="30" />
    <Text FeedbackText="Neues Projekt/Neue Bibliothek wird aktualisiert." />
    <Help HelpId="-1" />
  </MessageCell>
  <MessageCell ServiceId="80" MessageId="30" MessageClass="Information" Timestamp="15.02.2018 09:34:05">
    <Number ServiceNumber="80" MessageNumber="30" />
    <Text FeedbackText="Neues Projekt/Neue Bibliothek wird aktualisiert." />
    <Help HelpId="-1" />
  </MessageCell>
  <MessageCell ServiceId="80" MessageId="30" MessageClass="Information" Timestamp="15.02.2018 09:34:05">
    <Number ServiceNumber="80" MessageNumber="30" />
    <Text FeedbackText="Die Querverweisinformationen werden konvertiert." />
    <Help HelpId="-1" />
  </MessageCell>
  <MessageCell ServiceId="80" MessageId="30" MessageClass="Information" Timestamp="15.02.2018 09:34:06">
    <Number ServiceNumber="80" MessageNumber="30" />
    <Text FeedbackText="Die Querverweisinformationen wurden erfolgreich erstellt" />
    <Help HelpId="-1" />
  </MessageCell>
  <MessageCell ServiceId="80" MessageId="30" MessageClass="Information" Timestamp="15.02.2018 09:34:06">
    <Number ServiceNumber="80" MessageNumber="30" />
    <Text FeedbackText="Das Konvertieren der Querverweisinformationen ist beendet." />
    <Help HelpId="-1" />
  </MessageCell>
  <MessageCell ServiceId="80" MessageId="30" MessageClass="Information" Timestamp="15.02.2018 09:34:06">
    <Number ServiceNumber="80" MessageNumber="30" />
    <Text FeedbackText="Veraltete Metadaten werden bereinigt." />
    <Help HelpId="-1" />
  </MessageCell>
  <Details ServiceId="80" MessageId="30" Timestamp="15.02.2018 09:34:07" Debug="false">
    <Text>Package container 'Siemens.Simatic.Lang.S7PSW.V14.0.0.0.NonMandatory' was deleted</Text>
  </Details>
  <Details ServiceId="80" MessageId="30" Timestamp="15.02.2018 09:34:07" Debug="false">
    <Text>Product version 'Siemens.Simatic.STEP7.Professional:14.00.00.00' was deleted</Text>
  </Details>
  <MessageCell ServiceId="80" MessageId="30" MessageClass="Information" Timestamp="15.02.2018 09:34:07">
    <Number ServiceNumber="80" MessageNumber="30" />
    <Text FeedbackText="Hochgerüstetes Projekt/Hochgerüstete Bibliothek wird gespeichert." />
    <Help HelpId="-1" />
  </MessageCell>
  <MessageCell ServiceId="80" MessageId="30" MessageClass="Information" Timestamp="15.02.2018 09:34:07">
    <Number ServiceNumber="80" MessageNumber="30" />
    <Text FeedbackText="Hochgerüstetes Projekt/Hochgerüstete Bibliothek wird gespeichert." />
    <Help HelpId="-1" />
  </MessageCell>
  <MessageCell ServiceId="Automation-ObjectFrame-Feedbacks" MessageId="ConversionInfoTabLibrarySucceeded" MessageClass="Success" Timestamp="15.02.2018 09:34:08">
    <Number ServiceNumber="80" MessageNumber="32" />
    <Text FeedbackText="Bibliothek 'C:\Users\Schneider Electric\Documents\Automatisierung\Bibliotheken\SE_Motion_LXM32_1200_1500_V2100_V14\System\PEData.plf' wurde erfolgreich hochgerüstet und als Bibliothek 'C:\Users\Schneider Electric\Documents\Automatisierung\Bibliotheken\SE_Motion_LXM32_1200_1500_V2100_V14_V15\System\PEData.plf' gespeichert." />
    <Help HelpId="-1" HelpFile="" />
  </MessageCell>
</LogFile>