﻿<?xml version="1.0" encoding="utf-8" standalone="no"?><?xml-stylesheet type='text/xsl' href='LogFile.xsl'?><LogFile logName="Migration log" dateTime="2018-03-28T06:57:37.4499852Z"><LogEntry type="Warning" offset="00:00:00.0000"><CoreText>pe-mls://res/Siemens.Simatic.Hwcn.MigrationResources/Siemens.Simatic.Hwcn.MigrationResources.Resources.FeedbackMessages/MigStationLogMessage?pe-mls://plain/SIMATIC%2520315(l)</CoreText><DetailedText>pe-mls://res/Siemens.Simatic.Hwcn.MigrationResources/Siemens.Simatic.Hwcn.MigrationResources.Resources.FeedbackMessages/MigStationLogMessage?pe-mls://plain/SIMATIC%2520315(l)</DetailedText><LogEntry type="Warning" offset="00:00:00.0000"><CoreText>pe-mls://res/Siemens.Simatic.Hwcn.MigrationResources/Siemens.Simatic.Hwcn.MigrationResources.Resources.FeedbackMessages/MsgHwcn</CoreText><DetailedText>pe-mls://res/Siemens.Simatic.Hwcn.MigrationResources/Siemens.Simatic.Hwcn.MigrationResources.Resources.FeedbackMessages/MsgHwcn</DetailedText><LogEntry type="Warning" offset="00:00:00.0000"><CoreText>pe-mls://res/Siemens.Simatic.Hwcn.MigrationResources/Siemens.Simatic.Hwcn.MigrationResources.Resources.FeedbackMessages/MsgReplacedPLC?pe-mls://plain/SIMATIC%2520315(l)</CoreText><DetailedText>pe-mls://res/Siemens.Simatic.Hwcn.MigrationResources/Siemens.Simatic.Hwcn.MigrationResources.Resources.FeedbackMessages/MsgReplacedPLC?pe-mls://plain/SIMATIC%2520315(l)</DetailedText></LogEntry></LogEntry><LogEntry type="Information" offset="00:00:00.0000"><CoreText>pe-mls://res/Siemens.Simatic.Hwcn.MigrationResources/Siemens.Simatic.Hwcn.MigrationResources.Resources.FeedbackMessages/MsgUsedSTEP7Version?pe-mls://plain/5.5.3.0_26.6.0.1</CoreText><DetailedText>pe-mls://res/Siemens.Simatic.Hwcn.MigrationResources/Siemens.Simatic.Hwcn.MigrationResources.Resources.FeedbackMessages/MsgUsedSTEP7Version?pe-mls://plain/5.5.3.0_26.6.0.1</DetailedText></LogEntry><LogEntry type="Information" offset="00:00:02.2610"><CoreText>pe-mls://res/SIEMENS.SIMATIC.LANG.MIGRATIONRESOURCES/Siemens.Simatic.Lang.MigrationResources.MigrationFeedback/MigratingProgram</CoreText><DetailedText>pe-mls://res/SIEMENS.SIMATIC.LANG.MIGRATIONRESOURCES/Siemens.Simatic.Lang.MigrationResources.MigrationFeedback/MigratingProgram</DetailedText><LogEntry type="Information" offset="00:00:02.2610"><CoreText>pe-mls://res/SIEMENS.SIMATIC.LANG.MIGRATIONRESOURCES/Siemens.Simatic.Lang.MigrationResources.MigrationFeedback/MigrationSummary</CoreText><DetailedText>pe-mls://res/SIEMENS.SIMATIC.LANG.MIGRATIONRESOURCES/Siemens.Simatic.Lang.MigrationResources.MigrationFeedback/MigrationSummary</DetailedText><LogEntry type="Information" offset="00:00:02.5467"><CoreText>pe-mls://res/SIEMENS.SIMATIC.LANG.MIGRATIONRESOURCES/Siemens.Simatic.Lang.MigrationResources.MigrationFeedback/MigratedOrgBlocks?pe-mls://plain/2</CoreText><DetailedText>pe-mls://res/SIEMENS.SIMATIC.LANG.MIGRATIONRESOURCES/Siemens.Simatic.Lang.MigrationResources.MigrationFeedback/MigratedOrgBlocks?pe-mls://plain/2</DetailedText></LogEntry><LogEntry type="Information" offset="00:00:02.5467"><CoreText>pe-mls://res/SIEMENS.SIMATIC.LANG.MIGRATIONRESOURCES/Siemens.Simatic.Lang.MigrationResources.MigrationFeedback/MigratedFunctionBlocks?pe-mls://plain/5</CoreText><DetailedText>pe-mls://res/SIEMENS.SIMATIC.LANG.MIGRATIONRESOURCES/Siemens.Simatic.Lang.MigrationResources.MigrationFeedback/MigratedFunctionBlocks?pe-mls://plain/5</DetailedText></LogEntry><LogEntry type="Information" offset="00:00:02.5467"><CoreText>pe-mls://res/SIEMENS.SIMATIC.LANG.MIGRATIONRESOURCES/Siemens.Simatic.Lang.MigrationResources.MigrationFeedback/MigratedDataBlocks?pe-mls://plain/8</CoreText><DetailedText>pe-mls://res/SIEMENS.SIMATIC.LANG.MIGRATIONRESOURCES/Siemens.Simatic.Lang.MigrationResources.MigrationFeedback/MigratedDataBlocks?pe-mls://plain/8</DetailedText></LogEntry><LogEntry type="Information" offset="00:00:02.5467"><CoreText>pe-mls://res/SIEMENS.SIMATIC.LANG.MIGRATIONRESOURCES/Siemens.Simatic.Lang.MigrationResources.MigrationFeedback/MigratedTags?pe-mls://plain/11</CoreText><DetailedText>pe-mls://res/SIEMENS.SIMATIC.LANG.MIGRATIONRESOURCES/Siemens.Simatic.Lang.MigrationResources.MigrationFeedback/MigratedTags?pe-mls://plain/11</DetailedText></LogEntry></LogEntry></LogEntry></LogEntry><LogEntry type="Warning" offset="00:00:00.0000"><CoreText>pe-mls://res/Siemens.Simatic.Hwcn.MigrationResources/Siemens.Simatic.Hwcn.MigrationResources.Resources.FeedbackMessages/MigStationLogMessage?pe-mls://plain/SIMATIC%2520315(r)</CoreText><DetailedText>pe-mls://res/Siemens.Simatic.Hwcn.MigrationResources/Siemens.Simatic.Hwcn.MigrationResources.Resources.FeedbackMessages/MigStationLogMessage?pe-mls://plain/SIMATIC%2520315(r)</DetailedText><LogEntry type="Warning" offset="00:00:00.0000"><CoreText>pe-mls://res/Siemens.Simatic.Hwcn.MigrationResources/Siemens.Simatic.Hwcn.MigrationResources.Resources.FeedbackMessages/MsgHwcn</CoreText><DetailedText>pe-mls://res/Siemens.Simatic.Hwcn.MigrationResources/Siemens.Simatic.Hwcn.MigrationResources.Resources.FeedbackMessages/MsgHwcn</DetailedText><LogEntry type="Warning" offset="00:00:00.0000"><CoreText>pe-mls://res/Siemens.Simatic.Hwcn.MigrationResources/Siemens.Simatic.Hwcn.MigrationResources.Resources.FeedbackMessages/MsgReplacedPLC?pe-mls://plain/SIMATIC%2520315(r)</CoreText><DetailedText>pe-mls://res/Siemens.Simatic.Hwcn.MigrationResources/Siemens.Simatic.Hwcn.MigrationResources.Resources.FeedbackMessages/MsgReplacedPLC?pe-mls://plain/SIMATIC%2520315(r)</DetailedText></LogEntry></LogEntry><LogEntry type="Information" offset="00:00:00.0000"><CoreText>pe-mls://res/Siemens.Simatic.Hwcn.MigrationResources/Siemens.Simatic.Hwcn.MigrationResources.Resources.FeedbackMessages/MsgUsedSTEP7Version?pe-mls://plain/5.5.3.0_26.6.0.1</CoreText><DetailedText>pe-mls://res/Siemens.Simatic.Hwcn.MigrationResources/Siemens.Simatic.Hwcn.MigrationResources.Resources.FeedbackMessages/MsgUsedSTEP7Version?pe-mls://plain/5.5.3.0_26.6.0.1</DetailedText></LogEntry><LogEntry type="Information" offset="00:00:02.3021"><CoreText>pe-mls://res/SIEMENS.SIMATIC.LANG.MIGRATIONRESOURCES/Siemens.Simatic.Lang.MigrationResources.MigrationFeedback/MigratingProgram</CoreText><DetailedText>pe-mls://res/SIEMENS.SIMATIC.LANG.MIGRATIONRESOURCES/Siemens.Simatic.Lang.MigrationResources.MigrationFeedback/MigratingProgram</DetailedText><LogEntry type="Information" offset="00:00:02.3021"><CoreText>pe-mls://res/SIEMENS.SIMATIC.LANG.MIGRATIONRESOURCES/Siemens.Simatic.Lang.MigrationResources.MigrationFeedback/MigrationSummary</CoreText><DetailedText>pe-mls://res/SIEMENS.SIMATIC.LANG.MIGRATIONRESOURCES/Siemens.Simatic.Lang.MigrationResources.MigrationFeedback/MigrationSummary</DetailedText><LogEntry type="Information" offset="00:00:02.8646"><CoreText>pe-mls://res/SIEMENS.SIMATIC.LANG.MIGRATIONRESOURCES/Siemens.Simatic.Lang.MigrationResources.MigrationFeedback/MigratedOrgBlocks?pe-mls://plain/2</CoreText><DetailedText>pe-mls://res/SIEMENS.SIMATIC.LANG.MIGRATIONRESOURCES/Siemens.Simatic.Lang.MigrationResources.MigrationFeedback/MigratedOrgBlocks?pe-mls://plain/2</DetailedText></LogEntry><LogEntry type="Information" offset="00:00:02.8646"><CoreText>pe-mls://res/SIEMENS.SIMATIC.LANG.MIGRATIONRESOURCES/Siemens.Simatic.Lang.MigrationResources.MigrationFeedback/MigratedFunctionBlocks?pe-mls://plain/5</CoreText><DetailedText>pe-mls://res/SIEMENS.SIMATIC.LANG.MIGRATIONRESOURCES/Siemens.Simatic.Lang.MigrationResources.MigrationFeedback/MigratedFunctionBlocks?pe-mls://plain/5</DetailedText></LogEntry><LogEntry type="Information" offset="00:00:02.8646"><CoreText>pe-mls://res/SIEMENS.SIMATIC.LANG.MIGRATIONRESOURCES/Siemens.Simatic.Lang.MigrationResources.MigrationFeedback/MigratedDataBlocks?pe-mls://plain/8</CoreText><DetailedText>pe-mls://res/SIEMENS.SIMATIC.LANG.MIGRATIONRESOURCES/Siemens.Simatic.Lang.MigrationResources.MigrationFeedback/MigratedDataBlocks?pe-mls://plain/8</DetailedText></LogEntry><LogEntry type="Information" offset="00:00:02.8646"><CoreText>pe-mls://res/SIEMENS.SIMATIC.LANG.MIGRATIONRESOURCES/Siemens.Simatic.Lang.MigrationResources.MigrationFeedback/MigratedTags?pe-mls://plain/10</CoreText><DetailedText>pe-mls://res/SIEMENS.SIMATIC.LANG.MIGRATIONRESOURCES/Siemens.Simatic.Lang.MigrationResources.MigrationFeedback/MigratedTags?pe-mls://plain/10</DetailedText></LogEntry></LogEntry></LogEntry></LogEntry><LogEntry type="Warning" offset="00:00:00.0000"><CoreText>pe-mls://res/Siemens.Automation.MigrationResources/Siemens.Automation.MigrationResources.LoggingResources/GeneralSectionHeading</CoreText><DetailedText>pe-mls://res/Siemens.Automation.MigrationResources/Siemens.Automation.MigrationResources.LoggingResources/GeneralSectionHeading</DetailedText><LogEntry type="Information" offset="00:00:01.5120"><CoreText>pe-mls://res/Siemens.Simatic.Hwcn.MigrationResources/Siemens.Simatic.Hwcn.MigrationResources.Resources.FeedbackMessages/MsgInstalledSTEP7Version?pe-mls://plain/V5.6</CoreText><DetailedText>pe-mls://res/Siemens.Simatic.Hwcn.MigrationResources/Siemens.Simatic.Hwcn.MigrationResources.Resources.FeedbackMessages/MsgInstalledSTEP7Version?pe-mls://plain/V5.6</DetailedText></LogEntry><LogEntry type="Warning" offset="00:00:03.4060" help="oh-hlp:PEMigration/1"><CoreText>pe-mls://res/Siemens.Automation.MigrationResources/Siemens.Automation.MigrationResources.LoggingResources/MsgUnspecificDeviceStringWithHelp</CoreText><DetailedText>pe-mls://res/Siemens.Automation.MigrationResources/Siemens.Automation.MigrationResources.LoggingResources/MsgUnspecificDeviceStringWithHelp</DetailedText></LogEntry></LogEntry></LogFile>